"anio","mes","concepto","oferta_total","inventario_inicial","produccion","importaciones_totales","demanda_total","exportaciones_totales","consumo_nacional_aparente","inventario_final","importaciones_fuera_arancel","importaciones_amparo_arancel","ingenios","estados_unidos","resto_mundo","ventas_immex","otras_empresas","estados_unidos_otras_empresas","resto_mundo_otras_empresas","ventas_domesticas_ingenios"
"2011","10","azucar","778599","759906","0","18693","347299","75702","271597","431301","2278","16416","59796","47391","0","12405","15905","15897","8","252903"
"2011","11","azucar","588662","431301","116495","40867","351401","53789","297612","237260","1947","38920","42562","36997","0","5565","11228","11197","31","256746"
"2011","12","azucar","911648","237260","635149","39238","410474","50087","360387","501174","5078","34160","38464","34242","0","4222","11623","11615","8","321149"
"2012","1","azucar","1565519","501174","940295","124049","524688","62285","462403","1040831","2169","121880","49996","43996","0","6000","12289","12287","2","338354"
"2012","2","azucar","1909042","1040831","866462","1749","427001","103484","323517","1482042","1749","0","89122","77238","0","11884","14362","14349","12","321768"
"2012","3","azucar","2594066","1482042","1109993","2032","467370","102172","365198","2126697","2032","0","84150","77629","0","6520","18022","18004","18","363166"
"2012","4","azucar","2952512","2126697","824176","1639","482335","116765","365571","2470176","1639","0","102291","93716","0","8575","14474","14452","21","363932"
"2012","5","azucar","2935583","2470176","464250","1157","418453","80109","338344","2517130","1157","0","59825","49402","0","10423","20284","20258","26","337187"
"2012","6","azucar","2610284","2517130","91649","1506","414042","56968","357074","2196243","1506","0","40618","33608","0","7010","16350","16319","31","355568"
"2012","7","azucar","2197866","2196243","0","1623","432887","90191","342697","1764978","1623","0","76264","64865","0","11399","13927","13920","7","341074"
"2012","8","azucar","1767002","1764978","0","2024","438088","87596","350491","1328914","2024","0","72850","65693","0","7156","14746","14736","11","348468"
"2012","9","azucar","1330799","1328914","0","1884","365206","61999","303207","965593","1884","0","50608","37544","0","13064","11391","11348","43","301322"
"2012","10","azucar","981514","965593","14144","1777","430408","110823","319585","551106","1777","0","105512","93697","20","11794","5311","5278","33","317808"
"2012","11","azucar","876885","551106","324108","1671","339200","58384","280817","537684","1671","0","55559","43592","0","11967","2825","2775","50","279146"
"2012","12","azucar","1419589","537684","881035","870","399748","81205","318543","1019841","870","0","78984","71942","41","7001","2221","2194","27","317673"
"2013","1","azucar","2094714","1019841","1074470","403","554357","114753","439603","1540357","403","0","110050","98484","81","11484","4703","4676","28","439200"
"2013","2","azucar","2647435","1540357","1106582","496","489335","144962","344373","2158100","496","0","138222","125770","2938","9514","6740","6705","35","343877"
"2013","3","azucar","3373345","2158100","1214916","329","565148","216159","348989","2808198","329","0","214594","168978","31497","14119","1565","1508","58","348660"
"2013","4","azucar","3950914","2808198","1142245","472","687849","213159","474690","3263065","472","0","210015","175527","17325","17163","3144","3114","31","474218"
"2013","5","azucar","4198057","3263065","934422","570","710263","238140","472124","3487793","570","0","237043","194798","22077","20168","1097","1083","14","471553"
"2013","6","azucar","3755734","3487793","267198","743","557149","212758","344391","3198585","743","0","211214","174685","21330","15199","1544","1516","28","343648"
"2013","7","azucar","3214693","3198585","15679","429","533787","296285","237502","2680906","429","0","294792","238257","39413","17123","1492","818","675","237073"
"2013","8","azucar","2681825","2680906","0","919","693163","275877","417287","1988662","919","0","273207","246076","12283","14848","2669","2099","571","416368"
"2013","9","azucar","1989359","1988662","0","698","529016","240052","288963","1460343","698","0","236469","214563","4577","17328","3583","2016","1568","288266"
"2013","10","azucar","1460889","1460343","0","546","576029","268308","307721","884860","546","0","257017","232493","13001","11524","11290","11272","18","307176"
"2013","11","azucar","1017099","884860","131690","549","460534","258926","201607","556566","549","0","256605","199452","42046","15106","2322","2279","43","201058"
"2013","12","azucar","1248711","556566","691393","752","561943","217107","344836","686768","752","0","211302","121781","81597","7925","5805","5437","368","344084"
"2014","1","azucar","1622687","686768","934541","1378","605327","125474","479854","1017360","1378","0","121248","69131","44964","7153","4225","4186","39","478475"
"2014","2","azucar","2062835","1017360","1045014","461","560567","247864","312702","1502268","461","0","236336","152064","68098","16175","11528","11480","48","312241"
"2014","3","azucar","2697289","1502268","1194477","544","674890","294448","380443","2022398","544","0","292969","167108","110430","15431","1479","1457","22","379899"
"2014","4","azucar","3102913","2022398","1080052","463","743840","315275","428565","2359073","463","0","313439","196313","103516","13610","1836","1824","13","428101"
"2014","5","azucar","3096768","2359073","737115","580","710001","323122","386879","2386767","580","0","319879","240766","63378","15735","3243","3079","164","386299"
"2014","6","azucar","2584921","2386767","196811","1343","484749","179044","305705","2100172","1343","0","173027","110505","48729","13793","6017","5967","50","304362"
"2014","7","azucar","2110885","2100172","10200","513","501042","172150","328892","1609843","513","0","166010","81306","65602","19103","6141","6063","78","328378"
"2014","8","azucar","1610457","1609843","0","614","415801","117184","298617","1194655","614","0","112442","71956","24217","16269","4741","4632","109","298003"
"2014","9","azucar","1195612","1194655","0","957","364468","42217","322251","831144","957","0","35772","20261","4802","10709","6445","42","4802","321294"
"2014","10","azucar","835214","831144","3128","942","373608","43347","330261","461606","942","0","35243","17596","26","17621","8104","37","26","329319"
"2014","11","azucar","690351","461606","227800","945","283991","19815","264176","406360","945","0","16417","7822","0","8595","3398","25","0","263231"
"2014","12","azucar","1220366","406360","812879","1126","479689","23357","456332","740677","1126","0","20875","11031","0","9844","2483","25","0","455205"
"2015","1","azucar","1710477","740677","969617","183","464393","82507","381886","1246084","183","0","79230","10761","60000","8469","3277","50","60000","381703"
"2015","2","azucar","2278793","1246084","1032501","208","601824","129812","472012","1676969","208","0","123870","111839","0","12031","5943","3","0","471804"
"2015","3","azucar","2678934","1676969","1001371","595","589362","142122","447240","2089573","595","0","142045","130905","22","11118","77","25","22","446645"
"2015","4","azucar","3088043","2089573","998006","464","616566","168071","448495","2471477","464","0","168001","117484","39160","11358","70","0","39160","448030"
"2015","5","azucar","3189651","2471477","717684","489","599512","198034","401478","2590139","489","0","198032","157768","32082","8182","2","2","32082","400989"
"2015","6","azucar","2796715","2590139","206105","472","560580","133450","427130","2236136","472","0","133443","121308","0","12134","7","7","0","426658"
"2015","7","azucar","2252167","2236136","14656","1375","469180","204495","254729","1782987","1375","0","204483","204483","0","9956","12","12","0","252239"
"2015","8","azucar","1783405","1782987","0","418","512460","223706","288754","1270945","418","0","223705","212709","0","10996","1","0","1","288336"
"2015","9","azucar","1271247","1270945","0","302","460538","174325","286213","810709","302","0","174324.72","146050","0","28274","0","0","0","285912"
"2015","10","azucar","811528","810709","455","364","358402","30548","320754","453126","364","0","37590","30490","0","7100","58","58","0","320390"
"2015","11","azucar","636375","453126","182862","387","328581","30684","286560","307794","387","0","41991","3655","0","11336","29","19","10","286176"
"2015","12","azucar","1061158","307794","752707","657","479945","64017","402084","581213","657","0","77861","64017","0","13844","0","0","0","401427"
"2016","1","azucar","1579950","581213","998454","2653","1043563","144136","430879","998633","283","0","144138","144136","0","6300","0","0","0","430596"
"2016","2","azucar","2077827","998633","1079194","0","426779","80667","328280","1651048","0","0","80667","80667","0","17832","0","0","0","328280"
"2016","3","azucar","2819812","1651048","1166112","2653","622317","113331","489962","2197496","2653","0","113330","113330","1","19024","1","0","1","487309"
"2016","4","azucar","3288032","2197496","1084918","5618","641829","142448","497382","2646203","56218","0","142428","142428","0","19553","20","0","20","474211"
"2016","5","azucar","3347709","2646203","701105","402","528234","71339","430435","2819475","402","0","71319","71319","0","26460","20","0","20","430033"
"2016","6","azucar","2964181","2819475","144181","525","537831","172978","335552","2426351","525","0","172957","172707","250","29301","21","0.1","21","335027"
"2016","7","azucar","2430026","2426351","3166","510","471918","126929","311557","1958108","510","0","126923","95903","31020","33432","6","0","6","311047"
"2016","8","azucar","1959306.583","1958108.301","0","1198","525952","99662","391468","1433335","1198","0","99662","89416.36022","10246","34822","0","0","0","390270"
"2016","9","azucar","1437584","1433355","0","4229","400620","143147","207838","1036963.485","4229","0","142925","98376","44459","49635","222","222","0","203609"
"2016","10","azucar","1042052.362","1036963.485","0","5088.877411","409299.6154","66191.96576","343107.6497","632772.025","5088.877411","0","46405.22041","44257.01641","2148.204","19767.45285","19.2925","19.278","0.0145","338018.7722"
"2016","11","azucar","814519.6999","632772.025","178503.0851","3244.5898","415909.5369","57127.84879","358781.6882","399002.313","3244.5898","0","36062.56581","30345.01181","5717.554","20002.00498","1063.278","392.15","671.128","355537.0984"
"2016","12","azucar","1133643.584","399002.313","733418.7199","1222.551415","499426.5884","101262.9525","398163.6359","635186.158","1222.551415","0","75122.69183","73205.69183","1917","24125.5855","2014.67516","969.16216","1045.513","396941.0845"
"2017","1","azucar","1712457.691","635186.158","1074828.821","2442.712111","567516.272","154433.0489","413083.223","1145217.291","2442.712111","0","132445.2459","123866.6079","8578.638","20275.3476","1712.4555","275.872","1436.5835","410640.5109"
"2017","2","azucar","2189692.277","1145217.291","1042258.416","2216.5701","467552.9713","117180.9354","350372.0359","1705951.306","2216.5701","0","100751.3169","97563.46289","3187.854","14956","1473.6185","320","1153.6185","348155.4658"
"2017","3","azucar","2915172.112","1705951.306","1205962.596","3258.210869","590783.051","105218.2144","485564.8366","2324546.309","3258.210869","0","77208.93887","23409.58487","53799.354","27852.00956","157.266","157.248","0.018","482306.6257"
"2017","4","azucar","3370472.733","2324546.309","1043937.223","1989.201103","592100.1537","231322.4161","360777.7375","2778432.579","1989.201103","0","205450.4082","200289.8152","5160.593","25728.4559","143.552","60","83.552","358788.5364"
"2017","5","azucar","3357559.356","2778432.579","576434.8196","2691.95756","680623.8041","228633.655","451990.1492","2677095.552","2691.95756","0","194596.7431","145985.3411","48611.402","33020.05328","1016.8586","160","856.8586","449298.1916"
"2017","6","azucar","2779335.991","2677095.552","98879.11771","3361.321055","434649.8808","81676.40533","352973.4754","2344705.94","3361.321055","0","53191.71327","30125.24127","23066.472","27455.40236","1029.2897","19.83","1009.4597","349612.1544"
"2017","7","azucar","2354442.222","2344705.94","2947.4","6788.881868","427600.3579","97747.03003","329853.3278","1926980.488","6788.881868","0","65539.06481","63116.81281","2422.252","30831.79722","1376.168","138.624","1237.544","323064.446"
"2017","8","azucar","1937395.74","1926980.488","0","10415.252","533241.733","94913.481","438328.252","1404213.047","10415.252","0","42656.759","42356.586","300.173","50288.21","1968.512","59.04","1909.472","427913"
"2017","9","azucar","1409882.504","1404213.047","0","5669.456664","407824.9799","175578.7735","232246.2064","1002342.02","5669.456664","0","141291.3685","141226.7305","64.638","32172.503","2114.902","284.496","1830.406","226576.7497"
"2017","10","azucar","1032695.706","1002342.02","0","30353.68626","372761.8281","32323.7359","340438.0922","659933.878","30353.68626","0","9150.607021","9150.607021","0","22842.93088","330.198","316.276","13.922","310084.4059"
"2017","11","azucar","828090.6592","659933.878","162960.031","5196.750212","355439.4772","42432.91956","313006.5577","472671.182","5196.750212","0","18472.72054","18237.52854","235.192","23343.35603","616.843","496.646","120.197","307809.8074"
"2017","12","azucar","1319450.096","472671.182","843562.57","3216.343749","439683.5047","74042.69738","365640.8074","880300.968","3216.343749","0","45988.82148","45738.26748","250.554","26912.60689","1141.269","606.877","534.392","362424.4636"
"2018","1","azucar","1982066.303","880300.968","1057304.493","44460.84137","505013.5447","100510.1672","404503.3775","1477526.717","44460.84137","0","87350.578","87097.051","253.527","11996.44333","1163.14588","538.95894","624.18694","360042.5362"
"2018","2","azucar","2508105.329","1477526.717","1020478.414","10100.19868","521532.4984","169481.3066","352051.1918","1986912.331","10100.19868","0","152800.0817","152756.9897","43.092","15965.39089","715.834","376.328","339.506","341950.9931"
"2018","3","azucar","3197580.329","1986912.331","1193629.338","17038.66012","610112.608","282209.1494","327903.4585","2587807.721","17038.66012","0","254193.9498","254108.6728","85.277","27335.19867","680.001","340","340.001","310864.7984"
"2018","4","azucar","3596166.524","2587807.721","1001424.219","6934.583901","615665.0861","162198.3429","453466.7432","2980949.598","6934.583901","0","144849.3296","144678.0956","171.234","15959.09282","1389.92048","791.76024","598.16024","446532.1593"
"2018","5","azucar","3615129.462","2980949.598","628555.0791","5624.784461","457765.7931","86702.60406","371063.189","3157483.178","5624.784461","0","53738.6335","53524.3075","214.326","32724.86656","239.104","119.595","119.509","365438.4046"
"2018","6","azucar","3259103.126","3157483.178","99096.53186","2523.41696","500892.6383","97057.643","403834.9953","2758250.488","2523.41696","0","55184.061","54927.55","256.511","41734.782","138.8","98.8","40","401311.5784"
"2018","7","azucar","2762406.438","2758250.488","2509.5","1646.450116","521180.7921","162846.8345","358333.9576","2241284.419","1646.450116","0","128926.8995","128883.8075","43.092","33802.38905","117.546","58.773","58.773","356687.5075"
"2018","8","azucar","2244236.32","2241284.419","0","2951.900897","474974.7809","112682.0384","362292.7425","1753192.01","2951.900897","0","69253.1076","69209.7884","43.3192","43191.9888","236.942","118.471","118.471","359340.8416"
"2018","9","azucar","1755487.35","1753192.01","0","2295.339792","343624.5498","167911.3799","175713.1699","1394532.861","2295.339792","0","69774.28804","54752.76904","15021.519","97740.83288","396.259","331.621","64.638","173417.8301"
"2018","10","azucar","1395941.922","1394532.861","0","1409.06051","371870.3425","62261.16151","309609.181","1022229.924","1409.06051","0","48570.16584","18398.93164","30171.2342","13552.39167","138.604","138.604","0","308200.1205"
"2018","11","azucar","1140499.666","1022229.924","117601.74","668.0020486","535148.302","133933.9201","401214.3819","604936.364","668.0020486","0","115152.4074","25518.08838","89634.319","18118.56677","662.946","440","222.946","400546.3799"
"2018","12","azucar","1402258.249","604936.364","796047.656","1274.228984","479064.4884","130218.4417","348846.0467","880224.7206","1274.228984","0","106244.0803","9693.56108","96550.5192","23070.19639","904.165","585.04","319.125","347571.8177"
"2019","1","azucar","1972120.11","880224.7206","1091303.667","591.7222765","490174.7505","39611.78621","450562.9643","1465489.11","591.7222765","0","20350.7053","11176.7479","9173.9574","18894.94791","366.133","97.931","268.202","449971.242"
"2019","2","azucar","2582777.877","1465489.11","1116211.8","1076.967233","516439.2745","250962.1771","265477.0975","2049198.603","1076.967233","0","220857.2423","159142.2423","61715","29534.3888","570.546","277.52","293.026","264400.1302"
"2019","3","azucar","3267274.306","2049198.603","1211563.173","6512.530451","570163.0353","210757.6778","359405.3574","2668364.371","6512.530451","0","177653.931","139030.293","38623.638","32624.75081","478.996","278.76","200.236","352892.827"
"2019","4","azucar","3813663.974","2668364.371","1144102.065","1197.538701","647689.5442","318294.5435","329395.0006","3165974.43","1197.538701","0","290094.5947","110833.5947","179261","28058.31079","141.638","20","121.638","328197.4619"
"2019","5","azucar","3997644.564","3165974.43","830177.7361","1492.39787","749742.0801","307846.1367","441895.9434","3243932.484","1492.39787","0","262125.4293","76164.2458","185961.1835","45495.19441","225.513","60","165.513","440403.5456"
"2019","6","azucar","3363783.256","3243932.484","118911.1604","939.61129","488819.2728","202436.2391","286383.0337","2866788.617","939.61129","0","171986.4916","68071.6751","103914.8165","30218.2715","231.476","79.602","151.874","285443.4224"
"2019","7","azucar","2868853.375","2866788.617","0","2064.758357","592052.4484","269350.0443","322702.4041","2263006.514","2064.758357","0","224157.181","83485.54262","140671.6384","44937.03448","255.8288","0","255.8288","320637.6457"
"2019","8","azucar","2265521.314","2263006.514","0","2514.799605","523725.3216","197113.857","326611.4646","1721440.992","2514.799605","0","161249.6858","81082.9174","80166.7684","35599.98019","264.191","180.155","84.036","324096.665"
"2019","9","azucar","1723370.001","1721440.992","0","1929.009275","542528.7783","292712.0035","249816.7748","1168741.023","1929.009275","0","215198.2562","49541.61779","165656.6384","76655.15126","858.596","360","498.596","247887.7655"
"2019","10","azucar","1171653.884","1168741.023","0","2912.860604","450915.6866","51837.90966","399077.7769","720086.747","2912.860604","0","23451.3868","15465.834","7985.5528","28386.52286","0","0","0","396164.9163"
"2019","11","azucar","798652.6332","720086.747","73214.95035","5350.935868","382144.5012","63840.38614","318304.1151","413143.132","5350.935868","0","44942.5498","26889.6346","18052.9152","18518.23634","379.6","379.6","0","312953.1792"
"2019","12","azucar","1008324.539","413143.132","591250.7519","3930.655443","365004.6928","36924.16617","328080.5266","643319.8465","3930.655443","0","13152.54336","10530.5732","2621.97016","23275.96281","495.66","455.66","40","324149.8712"
"2020","1","azucar","1560574.177","643319.8465","915106.9228","2147.408165","555948.0915","134884.8237","421063.2678","1004626.086","2147.408165","0","110020.9991","109647.8071","373.192","24743.82458","120","120","0","418915.8596"
"2020","2","azucar","1971275.227","1004626.086","965702.632","946.5088893","494890.7469","126833.0514","368057.6955","1476384.48","946.5088893","0","99231.51066","98717.49466","514.016","27423.40074","178.14","178.14","0","367111.1866"
"2020","3","azucar","2619417.586","1476384.48","1142393.987","639.1195927","662360.2633","201600.7244","460759.5389","1957057.323","639.1195927","0","170413.7187","169819.2075","594.5112","31007.00565","180","180","0","460120.4193"
"2020","4","azucar","2905877.867","1957057.323","947809.4144","1011.129372","644597.5428","273495.9295","371101.6133","2261280.324","1011.129372","0","244282.546","243990.4686","292.0774","29133.38356","80","80","0","370090.4839"
"2020","5","azucar","2773678.148","2261280.324","510658.64","1739.183794","460095.3908","160656.2369","299439.1539","2313582.757","1739.183794","0","135185.2446","135102.6894","82.5552","25310.99229","160","160","0","297699.9701"
"2020","6","azucar","2440962.801","2313582.757","122942.85","4437.194396","463742.3474","114668.9486","349073.3988","1977220.454","4437.194396","0","86198.19274","86078.19274","120","28410.75583","60","60","0","344636.2044"
"2020","7","azucar","1989249.499","1977220.454","9240.15","2788.894894","402567.0019","136711.4226","265855.5793","1586682.497","2788.894894","0","107606.7747","107606.7747","0","29044.99789","59.65","59.6","0.05","263066.6844"
"2020","8","azucar","1597471.242","1586682.497","0","10788.74534","388657.6343","140456.7489","248200.8855","1208813.608","10788.74534","0","111613.5075","111613.5075","0","28763.04137","80.2","80.2","0","237412.1401"
"2020","9","azucar","1226666.911","1208813.608","0","17853.30309","369160.1041","97045.94537","272114.1587","857506.807","17853.30309","0","60717.81818","60717.81818","0","35731.00719","597.12","597.12","0","254260.8556"
"2020","10","azucar","867613.2824","857506.807","1712.3","8394.175406","356212.9589","29843.22825","326369.7306","509034.972","8394.175406","0","3879.3184","3348.848","530.4704","25963.90985","0","0","0","317975.5552"
"2020","11","azucar","683598.1246","509034.972","171358.551","3204.601627","347587.8396","33981.71286","313606.1268","336010.285","3204.601627","0","10851.0732","10768.518","82.5552","22830.63966","300","300","0","310401.5251"
"2020","12","azucar","1183687.011","336010.285","845792.533","1884.193012","418035.345","71529.99761","346505.3474","765651.666","1884.193012","0","45134.53976","13274.71536","31859.8244","25591.60785","803.85","803.85","0","344621.1544"
"2021","1","azucar","1821782.15","765651.666","1054895.683","1234.800888","477416.6169","142917.0157","334499.6012","1340553.533","1234.800888","0","105778.386","104498.386","1280","37039.02965","99.6","99.6","0","333264.8003"
"2021","2","azucar","2403234.456","1340553.533","1062131.546","549.3766479","505518.7016","139825.4245","365693.2772","1897715.754","549.3766479","0","102236.7782","98834.1398","3402.6384","37370.28629","218.36","218.36","0","365143.9005"
"2021","3","azucar","3087957.03","1897715.754","1188483.59","1757.685226","557184.6756","200604.9117","356579.7639","2498772.354","1757.685226","0","157968.8116","94188.8116","63780","42336.86049","299.23962","299.23962","0","354822.0787"
"2021","4","azucar","3461364.32","2498772.354","961128.1036","1463.862359","560946.757","305253.312","255693.445","2900417.563","1463.862359","0","268990.3452","170795.6372","98194.708","36136.48674","126.48","120","6.48","254229.5826"
"2021","5","azucar","3287992.622","2900417.563","383636.914","3938.144546","476006.1335","171205.7186","304800.4149","2789986.488","3938.144546","0","134128.4744","87900.19604","46228.2784","36977.6442","99.6","99.6","0","300862.2704"
"2021","6","azucar","2831928.202","2789986.488","36633","5308.713855","507371.2889","142587.9872","364783.3016","2324556.913","5308.713855","0","97182.29452","94979.41052","2202.884","45399.49572","6.197","6.197","0","359474.5878"
"2021","7","azucar","2336464.33","2324556.913","9675.4","2232.01705","436024.633","97328.69765","338695.9354","1900330.355","2232.01705","0","54628.76483","51202.83043","3425.9344","42639.93282","60","60","0","336463.9183"
"2021","8","azucar","1901860.267","1900330.355","0","1529.911548","436456.6125","78428.4215","358028.1911","1465403.654","1529.911548","0","43974.20748","41103.38348","2870.824","34453.66902","0.545","0.545","0","356498.2795"
"2021","9","azucar","1465779.025","1465403.654","0","375.370689","409485.2837","139310.4169","270174.8668","1053113.741","375.370689","0","74016.00089","57039.62329","16976.3776","64697.51602","596.9","596.9","0","269799.4961"
"2021","10","azucar","1053581.616","1053113.741","0","467.8746724","419292.6747","50684.2141","368608.4606","621323.941","467.8746724","0","20113.168","16136.576","3976.592","30571.0461","0","0","0","368140.5859"
"2021","11","azucar","791114.2853","621323.941","169190.902","599.4423164","393386.7533","94030.77275","299355.9806","382024.232","599.4423164","0","59960.916","41337.62","18623.296","33509.85675","560","560","0","298756.5382"
"2021","12","azucar","1240288.521","382024.232","857799.8512","464.4378838","489796.6041","84347.87067","405448.7334","726042.217","464.4378838","0","42311.95604","33043.38324","9268.5728","41139.81737","896.09726","896.09726","0","404984.2955"
"2022","1","azucar","1778824.008","726042.217","1052210.403","571.387971","548500.9569","190038.5158","358462.4411","1230323.051","571.387971","0","154931.5744","117446.3808","37485.1936","34908.09284","198.8485","198.8285","0.02","357891.0532"
"2022","2","azucar","2293907.731","1230323.051","1063133.514","451.165615","524023.3801","249447.3384","274576.0417","1742413.29","451.165615","0","211148.0081","154038.6713","57109.3368","37902.1696","397.16072","397.16072","0","274124.8761"
"2022","3","azucar","2992620.68","1742413.29","1249593.848","613.5414539","631045.7279","235001.0409","396044.6871","2324459.716","613.5414539","0","187983.7686","128781.4446","59202.324","46741.27222","276","276","0","395431.1456"
"2022","4","azucar","3411539.384","2324459.716","1086367.531","712.137371","607534.1309","223216.9138","384317.217","2790299.461","712.137371","0","179868.5639","140411.7743","39456.7896","43187.34993","161","161","0","383605.0797"
"2022","5","azucar","3387674.592","2790299.461","596827.815","547.316004","455233.8026","209091.756","246142.0466","2925444.521","547.316004","0","170305.8916","105392.7196","64913.172","38686.08375","99.78072","99.78072","0","245594.7306"
"2022","6","azucar","3026349.471","2925444.521","100218.835","686.1141766","570758.2926","175508.1319","395250.1607","2435067.447","686.1141766","0","130904.7644","112814.002","18090.7624","44443.36747","160","160","0","394564.0465"
"2022","7","azucar","2445296.442","2435067.447","9707.26","521.7351813","458485.1582","124938.7538","333546.4044","1979887.248","521.7351813","0","86744.33277","75612.58077","11131.752","38094.82102","99.6","99.6","0","333024.6692"
"2022","8","azucar","1980691.95","1979887.248","0","804.701686","545449.9207","220646.8031","324803.1176","1430810.054","804.701686","0","167388.7044","165208.6724","2180.032","52394.09866","864","100","764","323998.4159"
"2022","9","azucar","1431235.335","1430810.054","0","425.2812688","458390.29","132382.6533","326007.6367","964272.6543","425.2812688","0","65825.671","60003.065","5822.606","66317.70192","239.28036","159.78036","79.5","325582.3554"
"2022","10","azucar","964895.1591","964272.6543","0","622.5047772","376046.8611","36893.36263","339153.4985","587925.244","622.5047772","0","2748.8048","2281.056","467.7488","33574.95783","569.6","0","569.6","338530.9937"
"2022","11","azucar","717151.4476","587925.244","128564.416","661.787594","377907.6006","62218.56372","315689.0369","339243.847","661.787594","0","28317.3175","27256.7095","1060.608","33587.22322","314.023","314.023","0","315027.2493"
"2022","12","azucar","1068236.381","339243.847","728641.832","350.7020026","414555.3063","98224.52062","316330.7857","653681.0747","350.7020026","0","65017.94478","64395.91278","622.032","32427.81584","778.76","778.76","0","315980.0836"
"2023","1","azucar","1714226.491","653681.0747","1060226.145","319.271506","588214.3262","190858.4864","397355.8398","1125941.656","319.271506","0","161125.615","161125.615","0","29554.11146","178.76","178.76","0","397036.5683"
"2023","2","azucar","2148198.434","1125941.656","1021935.78","320.9982198","544038.0357","205347.6727","338690.3629","1602864.399","320.9982198","0","178224.1093","177375.5365","848.5728","26643.56346","480","480","0","338369.3647"
"2023","3","azucar","2727196.206","1602864.399","1122222.69","2109.117088","558689.2186","177853.2968","380835.9218","2166835.487","2109.117088","0","137251.6586","136424.9882","826.6704","40122.77821","478.86","478.76","0.1","378726.8047"
"2023","4","azucar","2995719.988","2166835.487","821798.029","7086.47178","487394.3088","123364.7497","364029.5591","2507802.742","7086.47178","0","99449.55268","89967.49268","9482.06","23875.19702","40","40","0","356943.0873"
"2023","5","azucar","2859463.848","2507802.742","322316.173","29344.93333","577226.4058","119075.7908","458150.615","2281150.843","29344.93333","0","84754.88028","83708.80748","1046.0728","34180.91048","140","140","0","428805.6817"
"2023","6","azucar","2355462.853","2281150.843","18542.7","55769.31013","505031.7697","161030.2986","344001.4711","1850079.693","55769.31013","0","131839.1329","130753.4861","1085.6468","29171.16574","20","20","0","288232.161"
"2023","7","azucar","1923102.128","1850079.693","0","73022.43492","441818.8389","80440.8703","361377.9686","1481283.289","73022.43492","0","52039.39356","52039.39356","0","28401.22674","0.25","0","0.25","288355.5337"
"2023","8","azucar","1535049.87","1481283.289","0","53766.58071","414105.4517","105805.2616","308300.1901","1120944.418","53766.58071","0","68606.72808","68606.72808","0","37178.53357","20","20","0","254533.6094"
"2023","9","azucar","1164082.864","1120944.418","0","43138.44561","328992.0481","59708.74596","269283.3021","835090.8155","43138.44561","0","21681.11012","21681.11012","0","38027.63584","0","0","0","226144.8565"
"2023","10","azucar","876466.7507","835090.8155","0","41375.93522","338982.4537","22684.58065","316297.8731","537465.661","41375.93522","0","0","0","0","22684.58065","0","0","0","274921.9379"
"2023","11","azucar","713511.2347","537465.661","83231.13","92814.44365","380648.3207","40329.93522","340318.3854","332862.914","92814.44365","0","18534.356","18534.356","0","21795.57922","0","0","0","247503.9418"
"2023","12","azucar","941001.2542","332862.914","539191.506","68946.83415","394649.0459","58086.47831","336562.5676","546352.2083","68946.83415","0","41301.569","41301.569","0","16426.14931","358.76","358.76","0","267615.7334"
"2024","1","azucar","1490922.495","546352.2083","850325.449","94244.83729","499801.9095","82343.35183","417458.5577","991120.585","94244.83729","0","60200.031","60200.031","0","22004.06083","139.26","138.76","0.5","323213.7204"
"2024","2","azucar","1995867.597","991120.585","930506.013","74240.99949","509997.9185","126942.5851","383055.3334","1485869.679","74240.99949","0","108911.605","108911.605","0","17870.98011","160","160","0","308814.3339"
"2024","3","azucar","2532215.399","1485869.679","982982.939","63362.7812","457172.8342","138723.9378","318448.8964","2075042.565","63362.7812","0","105103.063","105103.063","0","33520.87477","100","100","0","255086.1152"
"2024","4","azucar","3012859.054","2075042.565","877670.623","60145.86623","425549.9022","35175.20146","390374.7008","2587309.152","60145.86623","0","12756.45","12756.45","0","22418.75146","0","0","0","330228.8345"
"2024","5","azucar","3045627.129","2587309.152","390430.113","67887.86395","408708.1594","74861.48631","333846.6731","2636918.97","67887.86395","0","58886.837","58886.837","0","15974.64931","0","0","0","265958.8092"
"2024","6","azucar","2726707.329","2636918.97","47266.559","42521.80031","365156.5198","41527.30491","323629.2149","2361550.809","42521.80031","0","17867.648","17867.648","0","23639.65691","20","20","0","281107.4146"
"2024","7","azucar","2408656.66","2361550.809","1943.057","45162.7941","370069.2851","27740.12343","342329.1617","2038473.069","45162.7941","0","9078.379","9078.379","0","18661.74443","0","0","0","297166.3676"
"2024","8","azucar","2078422.801","2038473.069","0","39949.73226","355075.4773","24866.47191","330209.0054","1723188.603","39949.73226","0","5917.86485","5917.86485","0","18948.60706","0","0","0","290259.2731"
"2024","9","azucar","1754059.208","1723188.603","0","30870.60543","335966.2856","41942.41434","294023.8713","1417934.072","30870.60543","0","11452.032","11452.032","0","30452.9001","37.48224","37.48224","0","263153.2659"
"2024","10","azucar","1442847.746","1417934.072","0","24913.67455","385513.1274","16896.14565","368616.9817","1055082.378","24913.67455","0","5000","0","5000","11896.14565","0","0","0","343703.3072"
"2024","11","azucar","1140243.174","1055082.378","61557.198","23603.59822","376772.8822","75662.98883","301109.8934","755976.506","23603.59822","0","59065.11","0","59065.11","16597.87883","0","0","0","277506.2952"
"2024","12","azucar","1317252.282","755976.506","531230.364","30045.41205","430423.4578","72506.32138","357917.1364","879369.1533","30045.41205","0","54350.518","17301.168","37049.35","17955.80338","200","200","0","327871.7244"
"2025","1","azucar","1754332.778","879369.1533","862943.086","12020.53865","418887.1189","119319.1585","299567.9604","1322859.109","12020.53865","0","102050.715","36350.715","65700","17208.44347","60","60","0","287547.4218"
"2025","2","azucar","2248271.7","1322859.109","911717.104","13695.48747","431118.7105","171770.1179","259348.5926","1817133.395","13695.48747","0","144527.3998","71487.3998","73040","21634.04411","5608.674","40","5568.674","245653.1051"
"2025","3","azucar","2915237.679","1817133.395","1085141.738","12962.54624","398039.4782","71116.81812","326922.6601","2506343.219","12962.54624","0","48217.398","38217.398","10000","22759.56012","139.86","139.86","0","313960.1139"
"2025","4","azucar","3392751.172","2506343.219","877274.157","9133.795863","507263.1719","93123.35367","414139.8182","2882041.167","9133.795863","0","63129.5328","57068.2728","6061.26","29953.82087","40","40","0","405006.0223"
"2025","5","azucar","3288382.052","2882041.167","399118","7222.884518","465451.8145","196095.4051","269356.4094","2806670.671","7222.884518","0","168096.761","112447.881","55648.88","27998.6441","0","0","0","262133.5249"
"2025","6","azucar","2856155.627","2806670.671","38434.004","11050.95196","463189.162","70312.0124","392877.1496","2392966.465","11050.95196","0","51299.117","16722.617","34576.5","18953.8954","59","59","0","381826.1976"
"2025","7","azucar","2406258.814","2392966.465","3109.7","10182.64947","426589.4785","96365.7539","330223.7246","1971452.728","10182.64947","0","70535.40892","37440.65892","33094.75","25790.34498","40","40","0","320041.0751"
"2025","8","azucar","1977415.742","1971452.728","0","5963.014267","356619.5303","80752.86723","275866.663","1555663.688","5963.014267","0","27801.88471","14814.48471","12987.4","52810.98252","140","140","0","269903.6488"
"2025","9","azucar","1561747.413","1555663.688","0","6083.725071","411535.9912","93997.44321","317538.548","1123129.181","6083.725071","0","47131.25273","14576.45273","32554.8","46489.19048","377","377","0","311454.8229"
"2025","10","azucar","1127067.982","1123129.181","0","3938.801087","362113.127","54766.516","307346.611","762129.541","3938.801087","0","40667.016","37846.59","2820.426","14079.5","20","20","0","303407.8099"
"2025","11","azucar","824842.9538","762129.541","61926.197","787.2157882","343512.1168","18793.244","324718.8728","480511.503","787.2157882","0","15817.632","9531.032","6286.6","2776.5","199.112","199.112","0","323931.657"
"2025","12","azucar","932630.765","480511.503","447573.51","4545.752002","382097.4501","34087.78","348009.6701","547247.2429","4545.752002","0","21095.397","20015.397","1080","12618.068","374.315","374.315","0","343463.9181"
"2011","10","total_de_edulcorantes","915352","759906","39454","115992","484051","77379","406672","431301","","","","","","","","","",""
"2011","11","total_de_edulcorantes","734154","431301","154266","148587","496894","55555","441339","237260","","","","","","","","","",""
"2011","12","total_de_edulcorantes","1043155","237260","674813","131081","541981","52446","489535","501174","","","","","","","","","",""
"2012","1","total_de_edulcorantes","1705917","501174","980579","224163","665086","64189","600897","1040831","","","","","","","","","",""
"2012","2","total_de_edulcorantes","2025272","1040831","901010","83431","543230","105385","437845","1482042","","","","","","","","","",""
"2012","3","total_de_edulcorantes","2743481","1482042","1148846","112594","616784","104451","512333","2126697","","","","","","","","","",""
"2012","4","total_de_edulcorantes","3123331","2126697","864697","131937","653155","119235","533920","2470176","","","","","","","","","",""
"2012","5","total_de_edulcorantes","3087923","2470176","504206","113541","570794","82088","488705","2517130","","","","","","","","","",""
"2012","6","total_de_edulcorantes","2768717","2517130","132651","118937","572475","58758","513716","2196243","","","","","","","","","",""
"2012","7","total_de_edulcorantes","2362504","2196243","42065","124196","597525","92430","505095","1764978","","","","","","","","","",""
"2012","8","total_de_edulcorantes","1920470","1764978","43371","112121","591556","89847","501709","1328914","","","","","","","","","",""
"2012","9","total_de_edulcorantes","1470936","1328914","39332","102689","505343","63918","441425","965593","","","","","","","","","",""
"2012","10","total_de_edulcorantes","1123534","965593","56703","101237","572427","113520","458907","551106","","","","","","","","","",""
"2012","11","total_de_edulcorantes","1025047","551106","365347","108593","487363","61423","425939","537684","","","","","","","","","",""
"2012","12","total_de_edulcorantes","1548191","537684","923529","86978","528350","83560","444791","1019841","","","","","","","","","",""
"2013","1","total_de_edulcorantes","2236660","1019841","1115050","101769","696303","116892","579411","1540357","","","","","","","","","",""
"2013","2","total_de_edulcorantes","2755839","1540357","1146700","68782","597739","147224","450515","2158100","","","","","","","","","",""
"2013","3","total_de_edulcorantes","3501849","2158100","1256292","87457","693651","218711","474940","2808198","","","","","","","","","",""
"2013","4","total_de_edulcorantes","4091508","2808198","1182661","100649","828444","216147","612297","3263065","","","","","","","","","",""
"2013","5","total_de_edulcorantes","4328171","3263065","976096","89011","840378","240632","599746","3487793","","","","","","","","","",""
"2013","6","total_de_edulcorantes","3879800","3487793","307298","84709","681215","215589","465626","3198585","","","","","","","","","",""
"2013","7","total_de_edulcorantes","3357740","3198585","56871","102284","676834","299308","377526","2680906","","","","","","","","","",""
"2013","8","total_de_edulcorantes","2820113","2680906","41198","98009","831452","278909","552543","1988662","","","","","","","","","",""
"2013","9","total_de_edulcorantes","2115091","1988662","41177","85253","654748","242923","411825","1460343","","","","","","","","","",""
"2013","10","total_de_edulcorantes","1577640","1460343","42186","75110","692780","271535","421244","884860","","","","","","","","","",""
"2013","11","total_de_edulcorantes","1143597","884860","173405","85332","587032","261898","325134","556566","","","","","","","","","",""
"2013","12","total_de_edulcorantes","1360842","556566","735366","68911","674075","220208","453867","686768","","","","","","","","","",""
"2014","1","total_de_edulcorantes","1738392","686768","975733","75891","721033","128695","592338","1017360","","","","","","","","","",""
"2014","2","total_de_edulcorantes","2153968","1017360","1083789","52820","651700","250604","401096","1502268","","","","","","","","","",""
"2014","3","total_de_edulcorantes","2812083","1502268","1236045","73770","789685","297402","492283","2022398","","","","","","","","","",""
"2014","4","total_de_edulcorantes","3220249","2022398","1121620","76231","861176","318782","542394","2359073","","","","","","","","","",""
"2014","5","total_de_edulcorantes","3229368","2359073","778683","91612","842601","326985","515616","2386767","","","","","","","","","",""
"2014","6","total_de_edulcorantes","2691363","2386767","238379","66217","591191","182460","408731","2100172","","","","","","","","","",""
"2014","7","total_de_edulcorantes","2238465","2100172","51768","86525","628622","175921","452702","1609843","","","","","","","","","",""
"2014","8","total_de_edulcorantes","1721651","1609843","41568","70240","526996","120199","406797","1194655","","","","","","","","","",""
"2014","9","total_de_edulcorantes","1195612","1194655","41568","957","364468","42217","322251","831144","","","","","","","","","",""
"2014","10","total_de_edulcorantes","835214","831144","44696","942","373608","46766","326842","461606","","","","","","","","","",""
"2014","11","total_de_edulcorantes","690351","461606","269368","945","283991","22506","261485","406360","","","","","","","","","",""
"2014","12","total_de_edulcorantes","1220366","406360","854447","1126","479689","26097","453592","740677","","","","","","","","","",""
"2015","1","total_de_edulcorantes","1710476","740677","1011185","183","464393","84698","379695","1246084","","","","","","","","","",""
"2015","2","total_de_edulcorantes","2279495","1246084","1074069","208","602526","158755","443771","1676969","","","","","","","","","",""
"2015","3","total_de_edulcorantes","2678816","1676969","1042939","595","589243","145956","443287","2089573","","","","","","","","","",""
"2015","4","total_de_edulcorantes","3086855","2089573","1039574","464","615378","169771","445607","2471477","","","","","","","","","",""
"2015","5","total_de_edulcorantes","3191412","2471477","759252","489","601273","201459","399814","2590139","","","","","","","","","",""
"2015","6","total_de_edulcorantes","2796774","2590139","247673","472","560638","135000","425638","2236136","","","","","","","","","",""
"2015","7","total_de_edulcorantes","2252167","2236136","56224","1375","469180","215566","253614","1782987","","","","","","","","","",""
"2015","8","total_de_edulcorantes","1783405","1782987","41568","418","512460","223706","288754","1270945","","","","","","","","","",""
"2015","9","total_de_edulcorantes","1271247","1270945","41568","302","460538","174325","286213","810709","","","","","","","","","",""
"2015","10","total_de_edulcorantes","811528","810709","42023","364","358402","30548","320754","453126","","","","","","","","","",""
"2015","11","total_de_edulcorantes","636375","453126","224430","387","328581","30684","286560","307794","","","","","","","","","",""
"2015","12","total_de_edulcorantes","1061158","307794","794275","657","479945","64017","402084","581213","","","","","","","","","",""
"2016","1","total_de_edulcorantes","1579950","581213","1040022","283","581318","144138","430879","998633","","","","","","","","","",""
"2016","2","total_de_edulcorantes","2078084","998633","1120762","258","427037","80667","328538","1651048","","","","","","","","","",""
"2016","3","total_de_edulcorantes","2819812","1651048","1207680","2653","622317","113331","489962","2197496","","","","","","","","","",""
"2016","4","total_de_edulcorantes","3288032","2197496","1128071","5618","641829","142448","479828","2646203","","","","","","","","","",""
"2016","5","total_de_edulcorantes","3347709","2646203","744258","402","528234","71615","430159","2819475","","","","","","","","","",""
"2016","6","total_de_edulcorantes","2964181","2819475","187334","525","537831","172978","335552","2426351","","","","","","","","","",""
"2016","7","total_de_edulcorantes","2430026","2426351","46319","510","471918","126929","311557","1958108","","","","","","","","","",""
"2016","8","total_de_edulcorantes","1959307","1958108","44904","1198","525952","99662","391468","1433355","","","","","","","","","",""
"2016","9","total_de_edulcorantes","1437584","1433355","44904","4229","400620","143147","207838","1036963","","","","","","","","","",""
"2016","10","total_de_edulcorantes","1151325.573","1036963.485","40314.92245","74047.16506","518572.8255","49510.60699","449294.7657","632772.025","","","","","","","","","",""
"2016","11","total_de_edulcorantes","941026.7426","632772.025","216392.8215","91861.89611","542416.5796","40745.64127","481668.9333","399002.313","","","","","","","","","",""
"2016","12","total_de_edulcorantes","1255884.159","399002.313","775935.9762","80945.86998","621667.1633","80721.80467","516819.7732","635186.158","","","","","","","","","",""
"2017","1","total_de_edulcorantes","1837123.928","635186.158","1116357.057","85580.71344","692182.509","136798.4602","535108.7012","1145217.291","","","","","","","","","",""
"2017","2","total_de_edulcorantes","2301077.451","1145217.291","1080996.806","74863.35408","578938.1455","104949.1318","459033.0137","1705951.306","","","","","","","","","",""
"2017","3","total_de_edulcorantes","3053287.808","1705951.306","1250387.336","96949.16636","728898.7468","81068.64427","619978.0929","2324546.309","","","","","","","","","",""
"2017","4","total_de_edulcorantes","3490361.97","2324546.309","1085435.843","80379.81833","711989.3914","208520.576","477740.3596","2778432.579","","","","","","","","","",""
"2017","5","total_de_edulcorantes","3512028.263","2778432.579","622368.0085","111227.676","835092.7114","199261.9917","602810.6664","2677095.552","","","","","","","","","",""
"2017","6","total_de_edulcorantes","2921182.293","2677095.552","144816.8129","99269.92782","576496.1827","58126.8606","490913.9197","2344705.94","","","","","","","","","",""
"2017","7","total_de_edulcorantes","2498102.138","2344705.94","48593.35843","104802.8398","571260.2742","70055.28537","470373.1917","1926980.488","","","","","","","","","",""
"2017","8","total_de_edulcorantes","2073997.66","1926980.488","45289.84669","101727.3253","669843.653","47248.01444","572307.4285","1404213.047","","","","","","","","","",""
"2017","9","total_de_edulcorantes","1540731.953","1404213.047","46680.90858","89837.99729","538674.4291","145632.5215","360869.4046","1002342.02","","","","","","","","","",""
"2017","10","total_de_edulcorantes","1149529.869","1002342.02","43280.41611","103907.4335","489595.9915","9834.537454","456918.5231","659933.878","","","","","","","","","",""
"2017","11","total_de_edulcorantes","958796.18","659933.878","206730.5089","92131.7931","486144.998","19417.08893","443384.553","472671.182","","","","","","","","","",""
"2017","12","total_de_edulcorantes","1467575.13","472671.182","887446.9771","107456.9705","587808.5386","47448.20006","513447.7317","880300.968","","","","","","","","","",""
"2018","1","total_de_edulcorantes","2100229.038","880300.968","1101403.098","118524.9725","623176.2804","88755.89113","522423.9459","1477526.717","","","","","","","","","",""
"2018","2","total_de_edulcorantes","2622831.357","1477526.717","1065064.31","80240.32966","636258.5261","153845.5038","466447.6314","1986912.331","","","","","","","","","",""
"2018","3","total_de_edulcorantes","3326244.043","1986912.331","1238229.885","101101.8266","738776.3218","255209.9329","456231.1902","2587807.721","","","","","","","","","",""
"2018","4","total_de_edulcorantes","3744421.556","2587807.721","1046306.76","110307.0756","763920.1185","146994.7346","600966.2911","2980949.598","","","","","","","","","",""
"2018","5","total_de_edulcorantes","3753706.605","2980949.598","673342.1064","99414.90093","596342.9368","54871.80584","508746.2644","3157483.178","","","","","","","","","",""
"2018","6","total_de_edulcorantes","3400873.41","3157483.178","143778.9529","99611.27941","642662.9218","55779.00077","545149.139","2758250.488","","","","","","","","","",""
"2018","7","total_de_edulcorantes","2901345.868","2758250.488","47104.32673","95991.05349","660120.2222","129336.1726","496981.6606","2241284.419","","","","","","","","","",""
"2018","8","total_de_edulcorantes","2384603.831","2241284.419","44531.64309","98787.76928","615342.2924","69779.00984","502371.2937","1753192.01","","","","","","","","","",""
"2018","9","total_de_edulcorantes","1888523.83","1753192.01","44336.25532","90995.56502","476661.0303","70547.97208","308372.2254","1394532.861","","","","","","","","","",""
"2018","10","total_de_edulcorantes","1523009.793","1394532.861","44432.24071","84044.69152","498938.2142","49058.68642","436327.1361","1022229.924","","","","","","","","","",""
"2018","11","total_de_edulcorantes","1247060.853","1022229.924","162094.141","62736.78837","641709.4893","116324.0675","507266.8551","604936.364","","","","","","","","","",""
"2018","12","total_de_edulcorantes","1525888.071","604936.364","840595.3291","80356.37809","602694.3106","108480.7","471143.4142","880224.7206","","","","","","","","","",""
"2019","1","total_de_edulcorantes","2085631.454","880224.7206","1135892.165","69514.5683","603686.0941","20935.31208","563855.8341","1465489.11","","","","","","","","","",""
"2019","2","total_de_edulcorantes","2702727.682","1465489.11","1160800.534","76438.03863","636389.0799","221680.6176","385174.0735","2049198.603","","","","","","","","","",""
"2019","3","total_de_edulcorantes","3392274.531","2049198.603","1256150.833","86925.09551","695163.2604","178430.7627","484107.7469","2668364.371","","","","","","","","","",""
"2019","4","total_de_edulcorantes","3960552.065","2668364.371","1188662.917","103524.7764","794577.6346","290348.3505","476170.9733","3165974.43","","","","","","","","","",""
"2019","5","total_de_edulcorantes","4143187.54","3165974.43","874718.0275","102495.0818","895285.0554","262703.1024","587086.7587","3243932.484","","","","","","","","","",""
"2019","6","total_de_edulcorantes","3502166.027","3243932.484","163438.5309","94795.01232","627202.0444","172500.8525","424482.9204","2866788.617","","","","","","","","","",""
"2019","7","total_de_edulcorantes","3005166.701","2866788.617","44521.23812","93856.84597","728365.7741","224682.1709","458746.5687","2263006.514","","","","","","","","","",""
"2019","8","total_de_edulcorantes","2387999.309","2263006.514","44520.29222","80472.50272","646203.3169","161795.8726","448807.4642","1721440.992","","","","","","","","","",""
"2019","9","total_de_edulcorantes","1851094.704","1721440.992","44537.02284","85116.6891","670253.4809","216451.3377","377146.992","1168741.023","","","","","","","","","",""
"2019","10","total_de_edulcorantes","1292312.964","1168741.023","44546.54849","79025.39244","571574.7669","23819.72826","519368.5158","720086.747","","","","","","","","","",""
"2019","11","total_de_edulcorantes","915112.8117","720086.747","117766.4213","77259.64335","498604.6797","45713.45708","434372.9863","413143.132","","","","","","","","","",""
"2019","12","total_de_edulcorantes","1118274.637","413143.132","635802.5681","69328.93738","474954.791","13799.80103","437879.0272","643319.8465","","","","","","","","","",""
"2020","1","total_de_edulcorantes","1674969.752","643319.8465","959655.4044","71994.50131","670343.6662","110392.7596","535207.082","1004626.086","","","","","","","","","",""
"2020","2","total_de_edulcorantes","2082099.42","1004626.086","1010247.454","67225.87953","605714.9398","99618.1782","478673.3609","1476384.48","","","","","","","","","",""
"2020","3","total_de_edulcorantes","2733496.459","1476384.48","1186934.915","70177.06395","776439.1356","170872.6494","574559.4805","1957057.323","","","","","","","","","",""
"2020","4","total_de_edulcorantes","3016943.057","1957057.323","992348.531","67537.20255","755662.7326","245610.5157","480918.8334","2261280.324","","","","","","","","","",""
"2020","5","total_de_edulcorantes","2891697.904","2261280.324","555197.6498","75219.93039","578115.1472","135862.9152","416941.2397","2313582.757","","","","","","","","","",""
"2020","6","total_de_edulcorantes","2562660.197","2313582.757","167482.9179","81594.52226","585439.7432","86586.2144","470442.773","1977220.454","","","","","","","","","",""
"2020","7","total_de_edulcorantes","2114566.525","1977220.454","53781.92973","83564.14141","527884.0281","107925.2601","390913.7701","1586682.497","","","","","","","","","",""
"2020","8","total_de_edulcorantes","1706237.089","1586682.497","44543.73313","75010.85891","497423.481","111998.1948","356662.2449","1208813.608","","","","","","","","","",""
"2020","9","total_de_edulcorantes","1347720.514","1208813.608","44544.34316","94362.56279","490213.707","61550.52035","392932.1794","857506.807","","","","","","","","","",""
"2020","10","total_de_edulcorantes","985192.0755","857506.807","45045.63333","82639.6352","473791.752","4269.050055","443558.7921","509034.972","","","","","","","","","",""
"2020","11","total_de_edulcorantes","790457.4345","509034.972","214691.8843","66730.57819","454447.1495","11365.17917","420251.3307","336010.285","","","","","","","","","",""
"2020","12","total_de_edulcorantes","1294223.862","336010.285","889125.8663","69087.711","528572.1963","46200.73289","456779.8556","765651.666","","","","","","","","","",""
"2021","1","total_de_edulcorantes","1923573.087","765651.666","1098229.016","59692.40465","579207.554","106068.4517","436100.0726","1340553.533","","","","","","","","","",""
"2021","2","total_de_edulcorantes","2499170.318","1340553.533","1105464.879","53151.90593","601454.5643","102742.6388","461341.6392","1897715.754","","","","","","","","","",""
"2021","3","total_de_edulcorantes","3191013.854","1897715.754","1231816.924","61481.17641","660241.5001","158550.506","459354.1337","2498772.354","","","","","","","","","",""
"2021","4","total_de_edulcorantes","3583307.918","2498772.354","1004461.437","80074.12724","682890.3552","269574.7811","377179.0873","2900417.563","","","","","","","","","",""
"2021","5","total_de_edulcorantes","3402325.348","2900417.563","426970.2473","74937.53727","590338.8596","134523.4231","418837.7923","2789986.488","","","","","","","","","",""
"2021","6","total_de_edulcorantes","2951876.789","2789986.488","79966.33333","81923.96764","627319.876","97503.79791","484416.5823","2324556.913","","","","","","","","","",""
"2021","7","total_de_edulcorantes","2443735.108","2324556.913","53008.73333","66169.46149","543295.4108","55088.56994","445566.9081","1900330.355","","","","","","","","","",""
"2021","8","total_de_edulcorantes","2011631.409","1900330.355","43333.33333","67967.72042","546227.7548","44439.73967","467334.3461","1465403.654","","","","","","","","","",""
"2021","9","total_de_edulcorantes","1580939.309","1465403.654","43333.33333","72202.32205","524645.5684","75334.01363","384614.0387","1053113.741","","","","","","","","","",""
"2021","10","total_de_edulcorantes","1156994.942","1053113.741","43333.33333","60547.868","522706.0013","20390.71338","471744.2418","621323.941","","","","","","","","","",""
"2021","11","total_de_edulcorantes","889130.8424","621323.941","212524.2353","55282.66608","491403.3104","60876.75103","397016.7026","382024.232","","","","","","","","","",""
"2021","12","total_de_edulcorantes","1361672.662","382024.232","901133.1845","78515.24542","611180.7449","43596.58971","526444.3378","726042.217","","","","","","","","","",""
"2022","1","total_de_edulcorantes","1879960.735","726042.217","1095543.736","58374.7814","649637.6837","155331.4574","459398.1334","1230323.051","","","","","","","","","",""
"2022","2","total_de_edulcorantes","2387735.759","1230323.051","1106466.847","50945.86048","617851.4083","211779.2752","368169.9635","1742413.29","","","","","","","","","",""
"2022","3","total_de_edulcorantes","3095858.477","1742413.29","1292927.181","60518.0054","734283.5252","188522.317","499019.936","2324459.716","","","","","","","","","",""
"2022","4","total_de_edulcorantes","3518472.079","2324459.716","1129700.864","64311.49868","714466.8255","180438.8338","490840.6418","2790299.461","","","","","","","","","",""
"2022","5","total_de_edulcorantes","3499725.25","2790299.461","640161.1483","69264.64093","567284.4609","170992.7824","357605.5947","2925444.521","","","","","","","","","",""
"2022","6","total_de_edulcorantes","3155121.124","2925444.521","143552.1683","86124.43405","699529.9458","131546.6812","523539.8971","2435067.447","","","","","","","","","",""
"2022","7","total_de_edulcorantes","2557315.678","2435067.447","53040.59333","69207.63788","570504.3942","87413.01532","444996.5579","1979887.248","","","","","","","","","",""
"2022","8","total_de_edulcorantes","2087728.573","1979887.248","43333.33333","64507.9916","652486.5439","168731.7073","431360.738","1430810.054","","","","","","","","","",""
"2022","9","total_de_edulcorantes","1538824.126","1430810.054","43333.33333","64680.7383","565979.0803","66231.87689","433429.5015","964272.6543","","","","","","","","","",""
"2022","10","total_de_edulcorantes","1087465.153","964272.6543","43333.33333","79859.16583","498616.8555","3471.409139","461570.4885","587925.244","","","","","","","","","",""
"2022","11","total_de_edulcorantes","830280.7648","587925.244","171897.7493","70457.77146","491036.9178","28886.74092","428562.9537","339243.847","","","","","","","","","",""
"2022","12","total_de_edulcorantes","1178538.551","339243.847","771975.1653","67319.53856","524857.4762","66048.62498","426381.0353","653681.0747","","","","","","","","","",""
"2023","1","total_de_edulcorantes","1824813.704","653681.0747","1103559.478","67573.1505","698801.5386","161515.4091","507732.018","1125941.656","","","","","","","","","",""
"2023","2","total_de_edulcorantes","2251998.294","1125941.656","1065269.113","60787.52445","647837.8952","178962.5814","442231.7504","1602864.399","","","","","","","","","",""
"2023","3","total_de_edulcorantes","2840249.502","1602864.399","1165556.023","71829.07992","671742.5148","137967.2621","493652.4745","2166835.487","","","","","","","","","",""
"2023","4","total_de_edulcorantes","3111187.236","2166835.487","865131.3623","79220.38623","602861.5566","99792.13118","479194.2284","2507802.742","","","","","","","","","",""
"2023","5","total_de_edulcorantes","2977948.154","2507802.742","365649.5063","104495.9055","695710.7112","85182.05755","576347.7432","2281150.843","","","","","","","","","",""
"2023","6","total_de_edulcorantes","2475396.298","2281150.843","61876.03333","132369.4225","624965.2154","132200.1335","463593.9162","1850079.693","","","","","","","","","",""
"2023","7","total_de_edulcorantes","2054263.709","1850079.693","43333.33333","160850.6825","572980.4199","52292.09148","492287.1016","1481283.289","","","","","","","","","",""
"2023","8","total_de_edulcorantes","1661115.276","1481283.289","43333.33333","136498.6538","540170.8581","68953.81798","434038.5066","1120944.418","","","","","","","","","",""
"2023","9","total_de_edulcorantes","1275047.035","1120944.418","43333.33333","110769.2842","439956.22","21839.93952","380088.6446","835090.8155","","","","","","","","","",""
"2023","10","total_de_edulcorantes","1009636.426","835090.8155","43333.33333","131212.2773","472152.1291","223.905916","449243.6426","537465.661","","","","","","","","","",""
"2023","11","total_de_edulcorantes","828899.7515","537465.661","126564.4633","164869.6272","496036.8375","18758.2532","455483.0051","332862.914","","","","","","","","","",""
"2023","12","total_de_edulcorantes","1030323.287","332862.914","582524.8393","114935.5334","483971.0785","41883.33363","425661.5955","546352.2083","","","","","","","","","",""
"2024","1","total_de_edulcorantes","1618243.746","546352.2083","893658.7823","178232.7553","627123.1609","60542.09824","544577.0018","991120.585","","","","","","","","","",""
"2024","2","total_de_edulcorantes","2127056.965","991120.585","973839.3463","162097.0336","641187.2859","109303.646","514012.6598","1485869.679","","","","","","","","","",""
"2024","3","total_de_edulcorantes","2661331.692","1485869.679","1026316.272","149145.7411","586289.1274","105384.5266","447383.7261","2075042.565","","","","","","","","","",""
"2024","4","total_de_edulcorantes","3151969.513","2075042.565","921003.9563","155922.9917","564660.3611","12929.39084","529312.2188","2587309.152","","","","","","","","","",""
"2024","5","total_de_edulcorantes","3187765.019","2587309.152","433763.4463","166692.4207","550846.0495","59153.60279","475717.7974","2636918.97","","","","","","","","","",""
"2024","6","total_de_edulcorantes","2872725.297","2636918.97","90599.89233","145206.4353","511174.4881","18060.43679","469474.3944","2361550.809","","","","","","","","","",""
"2024","7","total_de_edulcorantes","2595862.551","2361550.809","45276.39033","189035.3517","557275.176","9333.772328","529279.6593","2038473.069","","","","","","","","","",""
"2024","8","total_de_edulcorantes","2204474.207","2038473.069","43333.33333","122667.805","481126.8833","6196.075421","455982.2009","1723188.603","","","","","","","","","",""
"2024","9","total_de_edulcorantes","1889382.807","1723188.603","43333.33333","122860.8703","471289.8839","11740.24106","429096.7427","1417934.072","","","","","","","","","",""
"2024","10","total_de_edulcorantes","1572459.99","1417934.072","43333.33333","111192.5845","515125.3707","5269.926689","497959.2983","1055082.378","","","","","","","","","",""
"2024","11","total_de_edulcorantes","1260787.258","1055082.378","104890.5313","100814.3485","497316.9658","59225.45521","421493.6318","755976.506","","","","","","","","","",""
"2024","12","total_de_edulcorantes","1466560.007","755976.506","574563.6973","136019.8034","579731.1824","54920.76546","506854.6136","879369.1533","","","","","","","","","",""
"2025","1","total_de_edulcorantes","1865068.462","879369.1533","906276.4193","79422.88931","529622.8029","102259.0955","410155.264","1322859.109","","","","","","","","","",""
"2025","2","total_de_edulcorantes","2379686.725","1322859.109","955050.4373","101777.1782","562533.7346","150386.428","390513.2624","1817133.395","","","","","","","","","",""
"2025","3","total_de_edulcorantes","3068049.812","1817133.395","1128475.071","122441.3459","550851.6113","48470.65749","479621.3937","2506343.219","","","","","","","","","",""
"2025","4","total_de_edulcorantes","3573836.941","2506343.219","920607.4903","146886.232","688348.9413","63369.49439","595025.626","2882041.167","","","","","","","","","",""
"2025","5","total_de_edulcorantes","3420800.64","2882041.167","442451.3333","96308.14","597870.4033","168323.857","401547.9022","2806670.671","","","","","","","","","",""
"2025","6","total_de_edulcorantes","2995872.546","2806670.671","81767.33733","107434.5373","602906.0807","52955.51333","530996.6719","2392966.465","","","","","","","","","",""
"2025","7","total_de_edulcorantes","2535949.409","2392966.465","46443.03333","96539.91112","556280.0735","70948.75478","459540.9737","1971452.728","","","","","","","","","",""
"2025","8","total_de_edulcorantes","2108950.593","1971452.728","43333.33333","94164.53165","488154.381","28109.44918","407233.9493","1555663.688","","","","","","","","","",""
"2025","9","total_de_edulcorantes","1696272.629","1555663.688","43333.33333","97275.60727","546061.2067","47652.16724","451919.849","1123129.181","","","","","","","","","",""
"2025","10","total_de_edulcorantes","1262423.125","1123129.181","43333.33333","95960.61067","497468.2699","41129.46767","442259.3022","762129.541","","","","","","","","","",""
"2025","11","total_de_edulcorantes","938412.9785","762129.541","105259.5303","71023.90719","457082.1415","16181.62891","438124.0126","480511.503","","","","","","","","","",""
"2025","12","total_de_edulcorantes","1066420.021","480511.503","490906.8433","95001.67458","515886.706","21771.47401","481497.164","547247.2429","","","","","","","","","",""
"2011","10","jmrf","136752","0","39454","97299","136752","1677","135075","0","","","","","","","","","",""
"2011","11","jmrf","145492","0","37771","107721","145492","1766","143727","0","","","","","","","","","",""
"2011","12","jmrf","131507","0","39664","91842","131507","2359","129147","0","","","","","","","","","",""
"2012","1","jmrf","140398","0","40284","100114","140398","1904","138494","0","","","","","","","","","",""
"2012","2","jmrf","116229","0","34548","81682","116229","1901","114328","0","","","","","","","","","",""
"2012","3","jmrf","149414","0","38853","110562","149414","2279","147135","0","","","","","","","","","",""
"2012","4","jmrf","170819","0","40521","130298","170819","2470","168349","0","","","","","","","","","",""
"2012","5","jmrf","152341","0","39956","112385","152341","1979","150361","0","","","","","","","","","",""
"2012","6","jmrf","158433","0","41002","117431","158433","1790","156643","0","","","","","","","","","",""
"2012","7","jmrf","164638","0","42065","122573","164638","2239","162399","0","","","","","","","","","",""
"2012","8","jmrf","153468","0","43371","110097","153468","2250","151218","0","","","","","","","","","",""
"2012","9","jmrf","140137","0","39332","100805","140137","1919","138218","0","","","","","","","","","",""
"2012","10","jmrf","142020","0","42559","99460","142020","2697","139322","0","","","","","","","","","",""
"2012","11","jmrf","148162","0","41239","106923","148162","3039","145123","0","","","","","","","","","",""
"2012","12","jmrf","128602","0","42494","86108","128602","2355","126248","0","","","","","","","","","",""
"2013","1","jmrf","141946","0","40580","101366","141946","2138","139808","0","","","","","","","","","",""
"2013","2","jmrf","108404","0","40118","68286","108404","2263","106141","0","","","","","","","","","",""
"2013","3","jmrf","128503","0","41376","87128","128503","2552","125952","0","","","","","","","","","",""
"2013","4","jmrf","140594","0","40416","100178","140594","2987","137607","0","","","","","","","","","",""
"2013","5","jmrf","130115","0","41674","88440","130115","2492","127623","0","","","","","","","","","",""
"2013","6","jmrf","124066","0","40100","83966","124066","2831","121235","0","","","","","","","","","",""
"2013","7","jmrf","143046","0","41192","101854","143046","3023","140023","0","","","","","","","","","",""
"2013","8","jmrf","138288","0","41198","97090","138288","3032","135256","0","","","","","","","","","",""
"2013","9","jmrf","125732","0","41177","84555","125732","2871","122861","0","","","","","","","","","",""
"2013","10","jmrf","116751","0","42186","74564","116751","3228","113523","0","","","","","","","","","",""
"2013","11","jmrf","126498","0","41715","84783","126498","2972","123526","0","","","","","","","","","",""
"2013","12","jmrf","112131","0","43973","68159","112131","3101","109031","0","","","","","","","","","",""
"2014","1","jmrf","115706","0","41192","74513","115706","3221","112484","0","","","","","","","","","",""
"2014","2","jmrf","91134","0","38775","52359","91134","2740","88394","0","","","","","","","","","",""
"2014","3","jmrf","114794","0","41568","73226","114794","2954","111840","0","","","","","","","","","",""
"2014","4","jmrf","117336","0","41568","75768","117336","3506","113830","0","","","","","","","","","",""
"2014","5","jmrf","132600","0","41568","91032","132600","3862","128738","0","","","","","","","","","",""
"2014","6","jmrf","106442","0","41568","64873","106442","3416","103026","0","","","","","","","","","",""
"2014","7","jmrf","127580","0","41568","86012","127580","3770","123810","0","","","","","","","","","",""
"2014","8","jmrf","111194","0","41568","69626","111194","3015","108179","0","","","","","","","","","",""
"2014","9","jmrf","139189","0","41568","97621","139189","3304","135885","0","","","","","","","","","",""
"2014","10","jmrf","123918","0","41568","82350","123918","2979","120939","0","","","","","","","","","",""
"2014","11","jmrf","115231","0","41568","73663","115231","2724","112508","0","","","","","","","","","",""
"2014","12","jmrf","114435","0","41568","72866","114435","2866","111568","0","","","","","","","","","",""
"2015","1","jmrf","123370","0","41568","81802","123370","3034","120336","0","","","","","","","","","",""
"2015","2","jmrf","99226","0","41568","57657","99226","2670","96555","0","","","","","","","","","",""
"2015","3","jmrf","117047","0","41568","75478","117047","3101","113946","0","","","","","","","","","",""
"2015","4","jmrf","132774","0","41568","91206","132774","2850","129924","0","","","","","","","","","",""
"2015","5","jmrf","130297","0","41568","88728","130297","3115","127182","0","","","","","","","","","",""
"2015","6","jmrf","135346","0","41568","93777","135346","2904","132442","0","","","","","","","","","",""
"2015","7","jmrf","142122","0","41568","100554","142122","2778","139344","0","","","","","","","","","",""
"2015","8","jmrf","117706","0","41568","76138","117706","2084","115622","0","","","","","","","","","",""
"2015","9","jmrf","126025","0","41568","84456","126025","2357","123667","0","","","","","","","","","",""
"2015","10","jmrf","118469","0","41568","76901","118469","2355","116115","0","","","","","","","","","",""
"2015","11","jmrf","112556","0","41568","70987","112556","2780","109776","0","","","","","","","","","",""
"2015","12","jmrf","124998","0","41568","83430","124998","2778","122221","0","","","","","","","","","",""
"2016","1","jmrf","100767","0","41568","59198","100767","2367","98399","0","","","","","","","","","",""
"2016","2","jmrf","121991","0","41568","80423","121991","2435","119556","0","","","","","","","","","",""
"2016","3","jmrf","117195","0","41568","75627","117195","3642","113553","0","","","","","","","","","",""
"2016","4","jmrf","130295","0","43153","87141","130295","3228","127067","0","","","","","","","","","",""
"2016","5","jmrf","123751","0","43153","80598","123751","3274","120477","0","","","","","","","","","",""
"2016","6","jmrf","150832","0","43153","107678","150832","3943","146889","0","","","","","","","","","",""
"2016","7","jmrf","132611","0","43153","89458","132611","3294","129318","0","","","","","","","","","",""
"2016","8","jmrf","140285","0","44904","95382","140285","3552","136733","0","","","","","","","","","",""
"2016","9","jmrf","133506","0","44904","88603","133506","3628","129879","0","","","","","","","","","",""
"2016","10","jmrf","109273.2101","0","40314.92245","68958.28765","109273.2101","3086.09408","106187.116","0","","","","","","","","","",""
"2016","11","jmrf","126507.0426","0","37889.73633","88617.30631","126507.0426","3619.797458","122887.2452","0","","","","","","","","","",""
"2016","12","jmrf","122240.5749","0","42517.25633","79723.31857","122240.5749","3584.43768","118656.1372","0","","","","","","","","","",""
"2017","1","jmrf","124666.237","0","41528.23569","83138.00132","124666.237","2640.75887","122025.4781","0","","","","","","","","","",""
"2017","2","jmrf","111385.1742","0","38738.39027","72646.78398","111385.1742","2724.196438","108660.9778","0","","","","","","","","","",""
"2017","3","jmrf","138115.6958","0","44424.74028","93690.95549","138115.6958","3702.4394","134413.2564","0","","","","","","","","","",""
"2017","4","jmrf","119889.2378","0","41498.62055","78390.61722","119889.2378","2926.615725","116962.622","0","","","","","","","","","",""
"2017","5","jmrf","154468.9073","0","45933.18888","108535.7184","154468.9073","3648.390054","150820.5172","0","","","","","","","","","",""
"2017","6","jmrf","141846.3019","0","45937.69517","95908.60676","141846.3019","3905.857633","137940.4443","0","","","","","","","","","",""
"2017","7","jmrf","143659.9164","0","45645.95843","98013.95795","143659.9164","3140.052552","140519.8638","0","","","","","","","","","",""
"2017","8","jmrf","136601.92","0","45289.84669","91312.07327","136601.92","2622.74344","133979.1765","0","","","","","","","","","",""
"2017","9","jmrf","130849.4492","0","46680.90858","84168.54063","130849.4492","2226.250964","128623.1982","0","","","","","","","","","",""
"2017","10","jmrf","116834.1634","0","43280.41611","73553.74729","116834.1634","353.7324334","116480.431","0","","","","","","","","","",""
"2017","11","jmrf","130705.5208","0","43770.47791","86935.04289","130705.5208","327.5253973","130377.9954","0","","","","","","","","","",""
"2017","12","jmrf","148125.0339","0","43884.40714","104240.6267","148125.0339","318.1095774","147806.9243","0","","","","","","","","","",""
"2018","1","jmrf","118162.7356","0","44098.60455","74064.13108","118162.7356","242.1672456","117920.5684","0","","","","","","","","","",""
"2018","2","jmrf","114726.0277","0","44585.89675","70140.13098","114726.0277","329.5881622","114396.4396","0","","","","","","","","","",""
"2018","3","jmrf","128663.7138","0","44600.54734","84063.16645","128663.7138","335.9820829","128327.7317","0","","","","","","","","","",""
"2018","4","jmrf","148255.0324","0","44882.54069","103372.4917","148255.0324","755.4844525","147499.5479","0","","","","","","","","","",""
"2018","5","jmrf","138577.1437","0","44787.02721","93790.11647","138577.1437","894.0683405","137683.0753","0","","","","","","","","","",""
"2018","6","jmrf","141770.2835","0","44682.42104","97087.86245","141770.2835","456.1397746","141314.1437","0","","","","","","","","","",""
"2018","7","jmrf","138939.4301","0","44594.82673","94344.60337","138939.4301","291.7271275","138647.703","0","","","","","","","","","",""
"2018","8","jmrf","140367.5115","0","44531.64309","95835.86839","140367.5115","288.9602377","140078.5512","0","","","","","","","","","",""
"2018","9","jmrf","133036.4806","0","44336.25532","88700.22523","133036.4806","377.4250406","132659.0555","0","","","","","","","","","",""
"2018","10","jmrf","127067.8717","0","44432.24071","82635.63101","127067.8717","349.9165845","126717.9551","0","","","","","","","","","",""
"2018","11","jmrf","106561.1873","0","44492.40096","62068.78632","106561.1873","508.7140825","106052.4732","0","","","","","","","","","",""
"2018","12","jmrf","123629.8222","0","44547.67313","79082.14911","123629.8222","1332.454722","122297.3675","0","","","","","","","","","",""
"2019","1","jmrf","113511.3436","0","44588.49754","68922.84602","113511.3436","218.4737835","113292.8698","0","","","","","","","","","",""
"2019","2","jmrf","119949.8054","0","44588.73398","75361.0714","119949.8054","252.8293561","119696.976","0","","","","","","","","","",""
"2019","3","jmrf","125000.2251","0","44587.66004","80412.56506","125000.2251","297.8356895","124702.3894","0","","","","","","","","","",""
"2019","4","jmrf","146888.0904","0","44560.8527","102327.2377","146888.0904","112.1177721","146775.9726","0","","","","","","","","","",""
"2019","5","jmrf","145542.9753","0","44540.29139","101002.6839","145542.9753","352.1600682","145190.8152","0","","","","","","","","","",""
"2019","6","jmrf","138382.7715","0","44527.37051","93855.40103","138382.7715","282.8849249","138099.8866","0","","","","","","","","","",""
"2019","7","jmrf","136313.3257","0","44521.23812","91792.08761","136313.3257","269.1610544","136044.1647","0","","","","","","","","","",""
"2019","8","jmrf","122477.9953","0","44520.29222","77957.70312","122477.9953","281.9957775","122195.9996","0","","","","","","","","","",""
"2019","9","jmrf","127724.7027","0","44537.02284","83187.67983","127724.7027","394.4854898","127330.2172","0","","","","","","","","","",""
"2019","10","jmrf","120659.0803","0","44546.54849","76112.53183","120659.0803","368.3414551","120290.7389","0","","","","","","","","","",""
"2019","11","jmrf","116460.1785","0","44551.471","71908.70748","116460.1785","391.3072831","116068.8712","0","","","","","","","","","",""
"2019","12","jmrf","109950.0982","0","44551.81626","65398.28194","109950.0982","151.5976671","109798.5005","0","","","","","","","","","",""
"2020","1","jmrf","114395.5747","0","44548.4816","69847.09314","114395.5747","251.7605072","114143.8142","0","","","","","","","","","",""
"2020","2","jmrf","110824.1929","0","44544.82229","66279.37064","110824.1929","208.5275393","110615.6654","0","","","","","","","","","",""
"2020","3","jmrf","114078.8723","0","44540.92795","69537.94435","114078.8723","278.930663","113799.9416","0","","","","","","","","","",""
"2020","4","jmrf","111065.1898","0","44539.11661","66526.07318","111065.1898","1247.969697","109817.2201","0","","","","","","","","","",""
"2020","5","jmrf","118019.7564","0","44539.00981","73480.7466","118019.7564","517.6705338","117502.0859","0","","","","","","","","","",""
"2020","6","jmrf","121697.3958","0","44540.06793","77157.32787","121697.3958","328.0216645","121369.3741","0","","","","","","","","","",""
"2020","7","jmrf","125317.0262","0","44541.77973","80775.24652","125317.0262","258.835399","125058.1908","0","","","","","","","","","",""
"2020","8","jmrf","108765.8467","0","44543.73313","64222.11357","108765.8467","304.4872514","108461.3595","0","","","","","","","","","",""
"2020","9","jmrf","121053.6029","0","44544.34316","76509.2597","121053.6029","235.582173","120818.0207","0","","","","","","","","","",""
"2020","10","jmrf","117578.7931","0","43333.33333","74245.45979","117578.7931","389.7316545","117189.0615","0","","","","","","","","","",""
"2020","11","jmrf","106859.3099","0","43333.33333","63525.97656","106859.3099","214.1059654","106645.2039","0","","","","","","","","","",""
"2020","12","jmrf","110536.8513","0","43333.33333","67203.51798","110536.8513","262.3431347","110274.5082","0","","","","","","","","","",""
"2021","1","jmrf","101790.9371","0","43333.33333","58457.60376","101790.9371","190.4656752","101600.4714","0","","","","","","","","","",""
"2021","2","jmrf","95935.86262","0","43333.33333","52602.52929","95935.86262","287.5005547","95648.36207","0","","","","","","","","","",""
"2021","3","jmrf","103056.8245","0","43333.33333","59723.49119","103056.8245","282.4547786","102774.3697","0","","","","","","","","","",""
"2021","4","jmrf","121943.5982","0","43333.33333","78610.26488","121943.5982","457.9559097","121485.6423","0","","","","","","","","","",""
"2021","5","jmrf","114332.7261","0","43333.33333","70999.39272","114332.7261","295.3486223","114037.3774","0","","","","","","","","","",""
"2021","6","jmrf","119948.5871","0","43333.33333","76615.25378","119948.5871","315.3063861","119633.2807","0","","","","","","","","","",""
"2021","7","jmrf","107270.7778","0","43333.33333","63937.44444","107270.7778","399.8051068","106870.9727","0","","","","","","","","","",""
"2021","8","jmrf","109771.1422","0","43333.33333","66437.80887","109771.1422","464.9871858","109306.155","0","","","","","","","","","",""
"2021","9","jmrf","115160.2847","0","43333.33333","71826.95136","115160.2847","721.1127445","114439.1719","0","","","","","","","","","",""
"2021","10","jmrf","103413.3267","0","43333.33333","60079.99332","103413.3267","277.5453825","103135.7813","0","","","","","","","","","",""
"2021","11","jmrf","98016.55709","0","43333.33333","54683.22376","98016.55709","355.8350285","97660.72207","0","","","","","","","","","",""
"2021","12","jmrf","121384.1409","0","43333.33333","78050.80754","121384.1409","388.5364093","120995.6045","0","","","","","","","","","",""
"2022","1","jmrf","101136.7268","0","43333.33333","57803.39343","101136.7268","201.034445","100935.6923","0","","","","","","","","","",""
"2022","2","jmrf","93828.0282","0","43333.33333","50494.69487","93828.0282","234.1063538","93593.92185","0","","","","","","","","","",""
"2022","3","jmrf","103237.7973","0","43333.33333","59904.46395","103237.7973","262.5483918","102975.2489","0","","","","","","","","","",""
"2022","4","jmrf","106932.6946","0","43333.33333","63599.36131","106932.6946","409.2698572","106523.4248","0","","","","","","","","","",""
"2022","5","jmrf","112050.6583","0","43333.33333","68717.32493","112050.6583","587.1101554","111463.5481","0","","","","","","","","","",""
"2022","6","jmrf","128771.6532","0","43333.33333","85438.31987","128771.6532","481.9167663","128289.7364","0","","","","","","","","","",""
"2022","7","jmrf","112019.236","0","43333.33333","68685.90269","112019.236","569.08255","111450.1535","0","","","","","","","","","",""
"2022","8","jmrf","107036.6232","0","43333.33333","63703.28992","107036.6232","479.0028696","106557.6204","0","","","","","","","","","",""
"2022","9","jmrf","107588.7904","0","43333.33333","64255.45703","107588.7904","166.9255331","107421.8648","0","","","","","","","","","",""
"2022","10","jmrf","122569.9944","0","43333.33333","79236.66105","122569.9944","153.0043392","122416.99","0","","","","","","","","","",""
"2022","11","jmrf","113129.3172","0","43333.33333","69795.98387","113129.3172","255.4004204","112873.9168","0","","","","","","","","","",""
"2022","12","jmrf","110302.1699","0","43333.33333","66968.83655","110302.1699","251.9201956","110050.2497","0","","","","","","","","","",""
"2023","1","jmrf","110587.2123","0","43333.33333","67253.879","110587.2123","211.03417","110376.1782","0","","","","","","","","","",""
"2023","2","jmrf","103799.8596","0","43333.33333","60466.52623","103799.8596","258.4721168","103541.3874","0","","","","","","","","","",""
"2023","3","jmrf","113053.2962","0","43333.33333","69719.96283","113053.2962","236.7435024","112816.5527","0","","","","","","","","","",""
"2023","4","jmrf","115467.2478","0","43333.33333","72133.91445","115467.2478","302.5784986","115164.6693","0","","","","","","","","","",""
"2023","5","jmrf","118484.3055","0","43333.33333","75150.97215","118484.3055","287.1772698","118197.1282","0","","","","","","","","","",""
"2023","6","jmrf","119933.4457","0","43333.33333","76600.11236","119933.4457","341.0006166","119592.4451","0","","","","","","","","","",""
"2023","7","jmrf","131161.581","0","43333.33333","87828.24762","131161.581","252.4479241","130909.133","0","","","","","","","","","",""
"2023","8","jmrf","126065.4064","0","43333.33333","82732.0731","126065.4064","327.0898963","125738.3165","0","","","","","","","","","",""
"2023","9","jmrf","110964.1719","0","43333.33333","67630.83854","110964.1719","158.8294011","110805.3425","0","","","","","","","","","",""
"2023","10","jmrf","133169.6754","0","43333.33333","89836.34207","133169.6754","223.905916","132945.7695","0","","","","","","","","","",""
"2023","11","jmrf","115388.5169","0","43333.33333","72055.18355","115388.5169","223.897204","115164.6197","0","","","","","","","","","",""
"2023","12","jmrf","89322.03255","0","43333.33333","45988.69922","89322.03255","223.0046271","89099.02793","0","","","","","","","","","",""
"2024","1","jmrf","127321.2514","0","43333.33333","83987.91803","127321.2514","202.8072386","127118.4441","0","","","","","","","","","",""
"2024","2","jmrf","131189.3674","0","43333.33333","87856.0341","131189.3674","232.0410144","130957.3264","0","","","","","","","","","",""
"2024","3","jmrf","129116.2932","0","43333.33333","85782.95987","129116.2932","181.4635646","128934.8296","0","","","","","","","","","",""
"2024","4","jmrf","139110.4588","0","43333.33333","95777.1255","139110.4588","172.9408356","138937.518","0","","","","","","","","","",""
"2024","5","jmrf","142137.8901","0","43333.33333","98804.55675","142137.8901","266.7657878","141871.1243","0","","","","","","","","","",""
"2024","6","jmrf","146017.9683","0","43333.33333","102684.635","146017.9683","172.7887905","145845.1795","0","","","","","","","","","",""
"2024","7","jmrf","187205.8909","0","43333.33333","143872.5576","187205.8909","255.3933282","186950.4976","0","","","","","","","","","",""
"2024","8","jmrf","126051.4061","0","43333.33333","82718.07275","126051.4061","278.2105714","125773.1955","0","","","","","","","","","",""
"2024","9","jmrf","135323.5982","0","43333.33333","91990.26489","135323.5982","250.72682","135072.8714","0","","","","","","","","","",""
"2024","10","jmrf","129612.2433","0","43333.33333","86278.90996","129612.2433","269.9266891","129342.3166","0","","","","","","","","","",""
"2024","11","jmrf","120544.0836","0","43333.33333","77210.75027","120544.0836","160.345206","120383.7384","0","","","","","","","","","",""
"2024","12","jmrf","149307.7246","0","43333.33333","105974.3913","149307.7246","370.2474644","148937.4772","0","","","","","","","","","",""
"2025","1","jmrf","110735.684","0","43333.33333","67402.35065","110735.684","148.3804664","110587.3035","0","","","","","","","","","",""
"2025","2","jmrf","131415.0241","0","43333.33333","88081.69076","131415.0241","250.3542242","131164.6699","0","","","","","","","","","",""
"2025","3","jmrf","152812.133","0","43333.33333","109478.7997","152812.133","113.399488","152698.7335","0","","","","","","","","","",""
"2025","4","jmrf","181085.7694","0","43333.33333","137752.4361","181085.7694","199.9615924","180885.8079","0","","","","","","","","","",""
"2025","5","jmrf","132418.5888","0","43333.33333","89085.25548","132418.5888","227.0959882","132191.4928","0","","","","","","","","","",""
"2025","6","jmrf","139716.9187","0","43333.33333","96383.58538","139716.9187","1597.396334","138119.5224","0","","","","","","","","","",""
"2025","7","jmrf","129690.595","0","43333.33333","86357.26165","129690.595","373.3458633","129317.2491","0","","","","","","","","","",""
"2025","8","jmrf","131534.8507","0","43333.33333","88201.51738","131534.8507","167.564466","131367.2862","0","","","","","","","","","",""
"2025","9","jmrf","134525.2155","0","43333.33333","91191.8822","134525.2155","143.9145084","134381.301","0","","","","","","","","","",""
"2025","10","jmrf","135355.1429","0","43333.33333","92021.80958","135355.1429","442.4516672","134912.6912","0","","","","","","","","","",""
"2025","11","jmrf","113570.0247","0","43333.33333","70236.6914","113570.0247","164.8849092","113405.1398","0","","","","","","","","","",""
"2025","12","jmrf","133789.2559","0","43333.33333","90455.92258","133789.2559","301.7620134","133487.4939","0","","","","","","","","","",""